hidden,lr,neg_ratio,zeta,seed,ARI,NMI,H,time_sec,elbo,AIC,BIC,ICL,Q_tested,N
[32],0.005,3,0.7,0,0.23783669295606566,0.2593022966009763,0.3717758924285552,33.8227162361145,-17136.60546875,-17889.310546875,-22187.38036326501,-16936.903796628252,5,250
[32],0.005,3,0.7,1,0.17636706430375537,0.19954518011879796,0.37630095755866333,17.07300114631653,-17000.154296875,-17871.0078125,-22169.07762889001,-16918.601062253252,5,250
[32],0.005,3,0.7,2,0.0015876588865460968,0.020513166774547762,0.3967204093405524,17.877238273620605,-17129.521484375,-18160.326171875,-22458.39598826501,-17207.919421628252,5,250
[32],0.005,3,0.7,3,0.6859336753871024,0.7242235726624973,0.305164843022147,17.112419366836548,-16683.23046875,-17049.787109375,-21347.85692576501,-16097.380359128252,5,250
[32],0.005,3,0.7,4,0.4192727350455585,0.4755561352323673,0.34333295271756864,17.183688640594482,-17002.66015625,-17583.919921875,-21881.98973826501,-16631.513171628252,5,250
[32],0.005,3,0.7,5,0.6898588892085289,0.7074463056304326,0.30632609076719586,18.91480255126953,-16828.650390625,-17151.2470703125,-21449.31688670251,-16198.840320065752,5,250
[32],0.005,3,0.7,6,0.1622556107374112,0.18756705944584412,0.3739519770103603,16.85164523124695,-17002.787109375,-17779.388671875,-22077.45848826501,-16826.981921628252,5,250
[32],0.005,3,0.7,7,0.629408719652775,0.6501377801424836,0.30802887652173966,18.749166250228882,-16680.857421875,-17072.26171875,-21370.33153514001,-16119.854968503252,5,250
[32],0.005,3,0.7,8,-0.0035451190823669954,0.017573161078936354,0.39780779537739663,17.689214944839478,-17157.03125,-18188.30859375,-22486.37841014001,-17235.901843503252,5,250
[32],0.005,3,0.7,9,0.007478349754842521,0.02663191146505055,0.39709440668431467,18.53612232208252,-17132.85546875,-18173.7265625,-22471.79637889001,-17221.319812253252,5,250
[32],0.005,3,0.7,10,0.16064619092992946,0.18814400652724092,0.37675341192486844,17.710649490356445,-16991.857421875,-17854.052734375,-22152.12255076501,-16901.645984128252,5,250
[32],0.005,3,0.7,11,0.16665655057750065,0.19134863174919492,0.37629787163406514,16.29412603378296,-17073.822265625,-17905.708984375,-22203.77880076501,-16953.302234128252,5,250
[32],0.005,3,0.7,12,-0.002185670805747656,0.01711045607584413,0.39830639518034827,18.234843015670776,-17183.330078125,-18215.46875,-22513.53856639001,-17263.061999753252,5,250
[32],0.005,3,0.7,13,-0.005658167820329982,0.014111806045788563,0.39712314889467426,18.097888708114624,-17140.107421875,-18169.75,-22467.81981639001,-17217.343249753252,5,250
[32],0.005,3,0.7,14,0.14650068814264813,0.16666213478089018,0.3797540293934863,18.173964500427246,-17042.03125,-17931.18359375,-22229.25341014001,-16978.776843503252,5,250
[32],0.005,3,0.7,0,0.43054628196020994,0.4820361764427572,0.34008307662233017,18.413713455200195,-33008.96875,-33757.05078125,-40206.24917698005,-32409.699715470946,5,350
[32],0.005,3,0.7,1,0.9433191470244736,0.9313861367159378,0.27840250998388855,19.276691913604736,-32488.7421875,-32621.615234375,-39070.81363010505,-31274.264168595946,5,350
[32],0.005,3,0.7,2,0.19282986421312603,0.21910612273477698,0.371547615599863,19.415884733200073,-33617.5234375,-34751.91015625,-41201.10855198005,-33404.559090470946,5,350
[32],0.005,3,0.7,3,0.964499840915193,0.9559347427423888,0.2742154036939718,20.084086894989014,-32596.41796875,-32663.794921875,-39112.99331760505,-31316.443856095946,5,350
[32],0.005,3,0.7,4,0.42458400256401596,0.4590531859764252,0.3418782810909008,20.040393829345703,-33319.06640625,-34062.072265625,-40511.27066135505,-32714.721199845946,5,350
[32],0.005,3,0.7,5,0.644742237425574,0.6795134119179025,0.32370093834366054,18.941437005996704,-33005.12109375,-33389.99609375,-39839.19448948005,-32042.645027970946,5,350
[32],0.005,3,0.7,6,-0.0010836182712458738,0.0133424525072289,0.39623443336971287,18.68010139465332,-33587.6875,-35017.33203125,-41466.53042698005,-33669.980965470946,5,350
[32],0.005,3,0.7,7,0.18168788458236132,0.2078648086315865,0.372276006461689,19.361521244049072,-33280.296875,-34452.58984375,-40901.78823948005,-33105.238777970946,5,350
[32],0.005,3,0.7,8,0.4425091476906314,0.5074792842554092,0.33910629347489263,19.050472497940063,-32975.55078125,-33659.94921875,-40109.14761448005,-32312.598152970946,5,350
[32],0.005,3,0.7,9,0.4258710648454,0.47873873584436555,0.3387368280308937,20.5032057762146,-33014.9765625,-33716.47265625,-40165.67105198005,-32369.121590470946,5,350
[32],0.005,3,0.7,10,-0.0034296881120390852,0.010868313825071807,0.3970910764114538,20.265185356140137,-33535.453125,-34965.66796875,-41414.86636448005,-33618.316902970946,5,350
[32],0.005,3,0.7,11,-0.0002823248409632524,0.01409504742804682,0.3978856630491745,21.530573844909668,-33685.57421875,-35116.7734375,-41565.97183323005,-33769.422371720946,5,350
[32],0.005,3,0.7,12,-0.003645296169710422,0.012000005717259798,0.3973348976909795,19.721544981002808,-33601.44140625,-35034.7890625,-41483.98745823005,-33687.437996720946,5,350
[32],0.005,3,0.7,13,-0.0033572378118300124,0.012873795470470677,0.39727960686207575,23.138821125030518,-33469.8984375,-34904.421875,-41353.62027073005,-33557.070809220946,5,350
[32],0.005,3,0.7,14,0.6639805398085828,0.7041703771854959,0.3244639157603476,19.705390453338623,-32778.80078125,-33256.556640625,-39705.75503635505,-31909.205574845946,5,350
[32],0.005,3,0.7,0,0.4722311036438429,0.5798114783616275,0.3334873829687795,23.90635395050049,-131405.609375,-132309.5,-147036.23121385495,-129572.55687922538,5,700
[32],0.005,3,0.7,1,0.9964208726107149,0.9947260622492342,0.23134956228548237,22.884387493133545,-127377.5078125,-126546.9296875,-141273.66090135495,-123809.98656672538,5,700
[32],0.005,3,0.7,2,0.9892629496676507,0.9841780314032701,0.22637779756511872,22.655774116516113,-127541.0234375,-126640.140625,-141366.87183885495,-123903.19750422538,5,700
[32],0.005,3,0.7,3,0.7770869438994994,0.8322606648358611,0.28397608890335413,23.04063892364502,-129904.8515625,-129644.78125,-144371.51246385495,-126907.83812922538,5,700
[32],0.005,3,0.7,4,0.23985820871579788,0.3650007075390744,0.3727763496554331,23.616047620773315,-133650.234375,-135200.71875,-149927.44996385495,-132463.7756292254,5,700
[32],0.005,3,0.7,5,0.9928418005286294,0.989452091060403,0.22923188111034098,23.54132604598999,-127722.796875,-126886.375,-141613.10621385495,-124149.43187922538,5,700
[32],0.005,3,0.7,6,0.7398659538621739,0.8033842269508187,0.2906080766931927,23.439767360687256,-129959.484375,-129569.6484375,-144296.37965135495,-126832.70531672538,5,700
[32],0.005,3,0.7,7,0.22984331016741844,0.3413101736585991,0.3695492211821483,23.002068281173706,-133615.53125,-135238.71875,-149965.44996385495,-132501.7756292254,5,700
[32],0.005,3,0.7,8,0.8821471342820472,0.9049850717458049,0.2714850590424938,22.85083270072937,-129289.828125,-128398.203125,-143124.93433885495,-125661.26000422538,5,700
[32],0.005,3,0.7,9,0.6975250914082802,0.8040633538179738,0.30614279795201266,23.424213647842407,-130550.203125,-130217.2265625,-144943.95777635495,-127480.28344172538,5,700
[32],0.005,3,0.7,10,0.4711747612171909,0.5583292016668914,0.3264155465334984,23.819854736328125,-131207.390625,-132216.0390625,-146942.77027635495,-129479.09594172538,5,700
[32],0.005,3,0.7,11,0.7781322074676641,0.8949543042140036,0.280926290519564,23.976572036743164,-128892.515625,-129223.859375,-143950.59058885495,-126486.91625422538,5,700
[32],0.005,3,0.7,12,1.0,1.0,0.2304106052632619,24.369558334350586,-127646.4921875,-126871.734375,-141598.46558885495,-124134.79125422538,5,700
[32],0.005,3,0.7,13,0.7691220452569135,0.8744294737182016,0.27627813799626516,23.91476607322693,-128904.59375,-129218.6328125,-143945.36402635495,-126481.68969172538,5,700
[32],0.005,3,0.7,14,1.0,1.0,0.2293779557326652,24.152045011520386,-127476.9140625,-126616.5859375,-141343.31715135495,-123879.64281672538,5,700
[32],0.005,3,0.7,0,0.4955369728062059,0.5801063869613041,0.3255165968567298,39.320998191833496,-385043.53125,-384843.9375,-412583.04483673844,-380115.0837960768,5,1200
[32],0.005,3,0.7,1,0.7810161533841543,0.9022900468767134,0.26567896272320496,38.84433317184448,-375686.75,-375423.9375,-403163.04483673844,-370695.0837960768,5,1200
[32],0.005,3,0.7,2,1.0,1.0,0.2042206870570893,37.51785707473755,-371023.8125,-368786.28125,-396525.38858673844,-364057.4275460768,5,1200
[32],0.005,3,0.7,3,0.9979140534343309,0.9966444584107735,0.23110855545732242,39.07670021057129,-374744.125,-371470.28125,-399209.38858673844,-366741.4275460768,5,1200
[32],0.005,3,0.7,4,0.9270065397464724,0.9367584866512763,0.2526988540733009,37.85092377662659,-377102.59375,-374781.65625,-402520.76358673844,-370052.8025460768,5,1200
[32],0.005,3,0.7,5,0.8636469773009791,0.9037488960619426,0.26042072451927006,38.27001214027405,-377691.0625,-375586.0,-403325.10733673844,-370857.1462960768,5,1200
[32],0.005,3,0.7,6,0.7560408178367813,0.8277694318818541,0.27367012366116217,40.04098415374756,-377954.5,-376496.15625,-404235.26358673844,-371767.3025460768,5,1200
[32],0.005,3,0.7,7,1.0,1.0,0.20439627987491132,37.13866209983826,-371629.21875,-369246.0,-396985.10733673844,-364517.1462960768,5,1200
[32],0.005,3,0.7,8,1.0,1.0,0.20069203510328723,37.22221517562866,-371701.3125,-369206.28125,-396945.38858673844,-364477.4275460768,5,1200
[32],0.005,3,0.7,9,0.2559801616746411,0.4185347280748855,0.36911590994640026,37.23770785331726,-391421.40625,-393480.59375,-421219.70108673844,-388751.7400460768,5,1200
[32],0.005,3,0.7,10,0.5458172755650882,0.6852291616288977,0.31805643231395664,37.19891667366028,-383473.96875,-383847.625,-411586.73233673844,-379118.7712960768,5,1200
[32],0.005,3,0.7,11,0.4780281905356661,0.5564788458998879,0.32075588624655754,36.82176685333252,-383339.75,-384464.59375,-412203.70108673844,-379735.7400460768,5,1200
[32],0.005,3,0.7,12,1.0,1.0,0.20125073327283896,38.652751445770264,-371552.0625,-369036.96875,-396776.07608673844,-364308.1150460768,5,1200
[32],0.005,3,0.7,13,1.0,1.0,0.20296374033319778,38.234941244125366,-371391.53125,-368934.625,-396673.73233673844,-364205.7712960768,5,1200
[32],0.005,3,0.7,14,1.0,1.0,0.20664121031346536,38.28797245025635,-371083.375,-368616.21875,-396355.32608673844,-363887.3650460768,5,1200
